{"cameraMode":{"drawMode":0,"name":"Shaded","section":"Shading Mode"},"sceneLighting":true,"audioPlay":false,"sceneViewState":{"m_AlwaysRefresh":false,"showFog":true,"showSkybox":true,"showFlares":true,"showImageEffects":true,"showParticleSystems":true,"showVisualEffectGraphs":true,"m_FxEnabled":true},"in2DMode":false,"pivot":{"x":152.33676147460938,"y":22.791418075561525,"z":-81.85485076904297},"rotation":{"x":0.06574281305074692,"y":-0.903447151184082,"z":0.3963184356689453,"w":0.14982713758945466},"size":120.21104431152344,"orthographic":false}