{"cameraMode":{"drawMode":0,"name":"Shaded","section":"Shading Mode"},"sceneLighting":true,"audioPlay":false,"sceneViewState":{"m_AlwaysRefresh":false,"showFog":true,"showSkybox":true,"showFlares":true,"showImageEffects":true,"showParticleSystems":true,"showVisualEffectGraphs":true,"m_FxEnabled":true},"in2DMode":false,"pivot":{"x":125.09881591796875,"y":1.624999761581421,"z":-107.47482299804688},"rotation":{"x":0.25514212250709536,"y":0.005221218802034855,"z":-0.0013777872081845999,"w":0.9668895602226257},"size":51.52199935913086,"orthographic":false}