{"cameraMode":{"drawMode":0,"name":"Shaded","section":"Shading Mode"},"sceneLighting":true,"audioPlay":false,"sceneViewState":{"m_AlwaysRefresh":false,"showFog":true,"showSkybox":true,"showFlares":true,"showImageEffects":true,"showParticleSystems":true,"showVisualEffectGraphs":true,"m_FxEnabled":true},"in2DMode":false,"pivot":{"x":99.64413452148438,"y":-0.8328328132629395,"z":-49.721290588378909},"rotation":{"x":0.4425046145915985,"y":0.005380480550229549,"z":-0.0026550928596407177,"w":0.8967477083206177},"size":53.5067024230957,"orthographic":false}