{"cameraMode":{"drawMode":0,"name":"Shaded","section":"Shading Mode"},"sceneLighting":true,"audioPlay":false,"sceneViewState":{"m_AlwaysRefresh":false,"showFog":true,"showSkybox":true,"showFlares":true,"showImageEffects":true,"showParticleSystems":true,"showVisualEffectGraphs":true,"m_FxEnabled":true},"in2DMode":false,"pivot":{"x":106.54658508300781,"y":3.5227434635162355,"z":-28.32877540588379},"rotation":{"x":0.4636497497558594,"y":-0.10716728121042252,"z":0.05661242827773094,"w":0.8776906132698059},"size":0.39641430974006655,"orthographic":false}